Interval,Transfer,Bitrate,Retr,Cwnd
0.00,2.6,21.8,0,80.6
1.00,2.44,20.5,0,80.6
2.00,2.25,18.9,0,80.6
3.00,2.25,18.9,0,80.6
4.00,2.25,18.9,0,80.6
5.00,2.44,20.5,0,80.6
6.00,2.25,18.9,0,80.6
7.00,2.44,20.5,0,80.6
8.00,2.44,20.5,0,80.6
9.00,2.44,20.5,0,107.0
10.00,2.35,19.7,0,107.0
11.00,2.35,19.7,0,107.0
12.00,2.35,19.7,0,107.0
13.00,2.11,17.7,0,107.0
14.00,2.35,19.7,0,107.0
15.00,2.35,19.7,0,107.0
16.00,2.35,19.7,0,107.0
17.00,2.35,19.7,0,107.0
18.00,2.11,17.7,0,107.0
19.00,2.38,19.9,0,107.0
20.00,2.17,18.2,0,107.0
21.00,2.17,18.2,0,107.0
22.00,2.42,20.3,0,107.0
23.00,2.53,21.2,0,154.0
24.00,2.26,19.0,0,154.0
25.00,2.26,19.0,0,154.0
26.00,2.26,19.0,0,154.0
27.00,2.26,19.0,0,154.0
28.00,2.59,21.7,0,154.0
29.00,2.26,19.0,0,154.0
30.00,1.94,16.3,0,154.0
31.00,2.26,19.0,0,154.0
32.00,2.29,19.2,0,154.0
33.00,2.09,17.5,0,154.0
34.00,2.09,17.5,0,154.0
35.00,2.09,17.5,0,154.0
36.00,2.09,17.5,0,154.0
37.00,2.49,20.9,0,154.0
38.00,2.17,18.2,0,154.0
39.00,2.17,18.2,0,154.0
40.00,2.17,18.2,0,154.0
41.00,2.49,20.9,0,154.0
42.00,2.17,18.2,0,154.0
43.00,2.17,18.2,0,154.0
44.00,2.49,20.9,0,154.0
45.00,2.17,18.2,0,154.0
46.00,2.17,18.2,0,154.0
47.00,2.17,18.2,0,154.0
48.00,2.17,18.2,0,154.0
49.00,2.49,20.9,0,154.0
50.00,2.17,18.2,0,154.0
51.00,2.17,18.2,0,154.0
52.00,2.17,18.2,0,154.0
53.00,2.17,18.2,0,154.0
54.00,2.49,20.9,0,154.0
55.00,2.17,18.2,0,154.0
56.00,2.17,18.2,0,154.0
57.00,2.49,20.9,0,154.0
58.00,2.17,18.2,0,154.0
59.00,2.17,18.2,0,154.0
60.00,2.17,18.2,0,154.0
61.00,2.49,20.9,0,154.0
62.00,2.17,18.2,0,154.0
63.00,2.17,18.2,0,154.0
64.00,2.17,18.2,0,154.0
65.00,2.17,18.2,0,154.0
66.00,2.17,18.2,0,154.0
67.00,2.17,18.2,0,154.0
68.00,1.86,15.6,0,154.0
69.00,2.49,20.9,0,154.0
70.00,2.17,18.2,0,154.0
71.00,2.17,18.2,0,154.0
72.00,2.17,18.2,0,154.0
73.00,2.17,18.2,0,154.0
74.00,1.86,15.6,0,154.0
75.00,2.49,20.9,0,154.0
76.00,2.17,18.2,0,154.0
77.00,2.17,18.2,0,154.0
78.00,2.17,18.2,0,154.0
79.00,2.17,18.2,0,154.0
80.00,1.86,15.6,0,154.0
81.00,1.86,15.6,0,154.0
82.00,2.17,18.2,0,154.0
83.00,2.17,18.2,0,154.0
84.00,2.17,18.2,0,154.0
85.00,2.17,18.2,0,154.0
86.00,2.17,18.2,0,154.0
87.00,2.17,18.2,0,154.0
88.00,2.17,18.2,0,154.0
89.00,2.17,18.2,0,154.0
90.00,2.17,18.2,0,154.0
91.00,2.17,18.2,0,154.0
92.00,2.17,18.2,0,154.0
93.00,2.17,18.2,0,154.0
94.00,2.17,18.2,0,154.0
95.00,2.17,18.2,0,154.0
96.00,2.17,18.2,0,154.0
97.00,2.17,18.2,0,154.0
98.00,2.17,18.2,0,154.0
99.00,2.17,18.2,0,154.0
100.00,2.17,18.2,0,154.0
101.00,2.17,18.2,0,154.0
102.00,1.86,15.6,0,154.0
103.00,2.17,18.2,0,154.0
104.00,1.86,15.6,0,154.0
105.00,2.17,18.2,0,154.0
106.00,2.17,18.2,0,154.0
107.00,2.17,18.2,0,154.0
108.00,2.17,18.2,0,154.0
109.00,2.17,18.2,0,154.0
110.00,2.17,18.2,0,154.0
111.00,2.17,18.2,0,154.0
112.00,2.17,18.2,0,154.0
113.00,2.17,18.2,0,154.0
114.00,2.17,18.2,0,154.0
115.00,2.17,18.2,0,154.0
116.00,2.17,18.2,0,154.0
117.00,1.86,15.6,0,154.0
118.00,2.17,18.2,0,154.0
119.00,2.17,18.2,0,154.0
120.00,2.17,18.2,0,154.0
121.00,2.17,18.2,0,154.0
122.00,2.17,18.2,0,154.0
123.00,2.17,18.2,0,154.0
124.00,1.86,15.6,0,154.0
125.00,2.17,18.2,0,154.0
126.00,2.17,18.2,0,154.0
127.00,2.17,18.2,0,154.0
128.00,2.17,18.2,0,154.0
129.00,2.17,18.2,0,154.0
130.00,2.17,18.2,0,154.0
131.00,2.17,18.2,0,154.0
132.00,2.17,18.2,0,154.0
133.00,2.17,18.2,0,154.0
134.00,2.17,18.2,0,154.0
135.00,2.17,18.2,0,154.0
136.00,2.17,18.2,0,154.0
137.00,2.17,18.2,0,154.0
138.00,1.86,15.6,0,154.0
139.00,2.17,18.2,0,154.0
140.00,2.17,18.2,0,154.0
141.00,2.17,18.2,0,154.0
142.00,2.17,18.2,0,154.0
143.00,2.17,18.2,0,154.0
144.00,2.17,18.2,0,154.0
145.00,2.17,18.2,0,154.0
146.00,2.17,18.2,0,154.0
147.00,1.86,15.6,0,154.0
148.00,2.17,18.2,0,154.0
149.00,2.17,18.2,0,154.0
150.00,2.17,18.2,0,154.0
151.00,1.86,15.6,0,154.0
152.00,2.17,18.2,0,154.0
153.00,1.86,15.6,0,154.0
154.00,2.17,18.2,0,154.0
155.00,2.17,18.2,0,154.0
156.00,2.17,18.2,0,154.0
157.00,2.17,18.2,0,154.0
158.00,2.17,18.2,0,154.0
159.00,2.17,18.2,0,154.0
160.00,2.17,18.2,0,154.0
161.00,2.17,18.2,0,154.0
162.00,2.17,18.2,0,154.0
163.00,1.86,15.6,0,154.0
164.00,2.17,18.2,0,154.0
165.00,2.17,18.2,0,154.0
166.00,2.17,18.2,0,154.0
167.00,2.17,18.2,0,154.0
168.00,2.17,18.2,0,154.0
169.00,1.86,15.6,0,154.0
170.00,2.17,18.2,0,154.0
171.00,2.17,18.2,0,154.0
172.00,1.86,15.6,0,154.0
173.00,2.17,18.2,0,154.0
174.00,2.17,18.2,0,154.0
175.00,2.17,18.2,0,154.0
176.00,2.17,18.2,0,154.0
177.00,1.86,15.6,0,154.0
178.00,2.17,18.2,0,154.0
179.00,1.86,15.6,0,154.0
180.00,2.17,18.2,0,154.0
181.00,2.17,18.2,0,154.0
182.00,1.86,15.6,0,154.0
183.00,2.17,18.2,0,154.0
184.00,2.17,18.2,0,154.0
185.00,1.86,15.6,0,154.0
186.00,2.17,18.2,0,154.0
187.00,2.17,18.2,0,154.0
188.00,2.17,18.2,0,154.0
189.00,1.86,15.6,0,154.0
190.00,2.17,18.2,0,154.0
191.00,2.17,18.2,0,154.0
192.00,1.86,15.6,0,154.0
193.00,2.17,18.2,0,154.0
194.00,2.17,18.2,0,154.0
195.00,1.86,15.6,0,154.0
196.00,2.17,18.2,0,154.0
197.00,2.17,18.2,0,154.0
198.00,2.17,18.2,0,154.0
199.00,1.86,15.6,0,154.0
200.00,1.86,15.6,0,154.0
201.00,2.17,18.2,0,154.0
202.00,1.86,15.6,0,154.0
203.00,2.17,18.2,0,154.0
204.00,1.86,15.6,0,154.0
205.00,2.17,18.2,0,154.0
206.00,2.17,18.2,0,154.0
207.00,1.86,15.6,0,154.0
208.00,2.17,18.2,0,154.0
209.00,1.86,15.6,0,154.0
210.00,2.17,18.2,0,154.0
211.00,2.17,18.2,0,154.0
212.00,1.86,15.6,0,154.0
213.00,2.17,18.2,0,154.0
214.00,2.17,18.2,0,154.0
215.00,1.86,15.6,0,154.0
216.00,2.17,18.2,0,154.0
217.00,2.17,18.2,0,154.0
218.00,2.17,18.2,0,154.0
219.00,1.86,15.6,0,154.0
220.00,2.17,18.2,0,154.0
221.00,1.86,15.6,0,154.0
222.00,2.17,18.2,0,154.0
223.00,2.17,18.2,0,154.0
224.00,1.86,15.6,0,154.0
225.00,2.17,18.2,0,154.0
226.00,2.17,18.2,0,154.0
227.00,2.17,18.2,0,154.0
228.00,2.17,18.2,0,154.0
229.00,1.86,15.6,0,154.0
230.00,2.17,18.2,0,154.0
231.00,2.17,18.2,0,154.0
232.00,1.86,15.6,0,154.0
233.00,2.17,18.2,0,154.0
234.00,2.17,18.2,0,154.0
235.00,1.86,15.6,0,154.0
236.00,2.17,18.2,0,154.0
237.00,1.86,15.6,0,154.0
238.00,2.17,18.2,0,154.0
239.00,2.17,18.2,0,154.0
240.00,1.86,15.6,0,154.0
241.00,2.17,18.2,0,154.0
242.00,2.17,18.2,0,154.0
243.00,2.17,18.2,0,154.0
244.00,2.17,18.2,0,154.0
245.00,1.86,15.6,0,154.0
246.00,2.17,18.2,0,154.0
247.00,2.17,18.2,0,154.0
248.00,1.86,15.6,0,154.0
249.00,1.86,15.6,0,154.0
250.00,2.17,18.2,0,154.0
251.00,1.86,15.6,0,154.0
252.00,2.17,18.2,0,154.0
253.00,1.86,15.6,0,154.0
254.00,1.86,15.6,0,154.0
255.00,2.17,18.2,0,154.0
256.00,1.86,15.6,0,154.0
257.00,1.86,15.6,0,154.0
258.00,2.17,18.2,0,154.0
259.00,1.86,15.6,0,154.0
260.00,2.17,18.2,0,154.0
261.00,1.86,15.6,0,154.0
262.00,2.17,18.2,0,154.0
263.00,2.17,18.2,0,154.0
264.00,2.17,18.2,0,154.0
265.00,1.86,15.6,0,154.0
266.00,2.17,18.2,0,154.0
267.00,2.17,18.2,0,154.0
268.00,2.17,18.2,0,154.0
269.00,2.17,18.2,0,154.0
270.00,2.17,18.2,0,154.0
271.00,2.17,18.2,0,154.0
272.00,2.17,18.2,0,154.0
273.00,2.17,18.2,0,154.0
274.00,2.17,18.2,0,154.0
275.00,2.17,18.2,0,154.0
276.00,2.17,18.2,0,154.0
277.00,2.17,18.2,0,154.0
278.00,2.17,18.2,0,154.0
279.00,2.49,20.9,0,154.0
280.00,1.86,15.6,0,154.0
281.00,2.17,18.2,0,154.0
282.00,1.86,15.6,0,154.0
283.00,2.17,18.2,0,154.0
284.00,1.86,15.6,0,154.0
285.00,2.17,18.2,0,154.0
286.00,2.17,18.2,0,154.0
287.00,2.17,18.2,0,154.0
288.00,1.86,15.6,0,154.0
289.00,2.17,18.2,0,154.0
290.00,1.86,15.6,0,154.0
291.00,1.86,15.6,0,154.0
292.00,2.17,18.2,0,154.0
293.00,1.86,15.6,0,154.0
294.00,2.17,18.2,0,154.0
295.00,2.17,18.2,0,154.0
296.00,2.17,18.2,0,154.0
297.00,1.86,15.6,0,154.0
298.00,2.17,18.2,0,154.0
299.00,2.17,18.2,0,154.0
300.00,2.17,18.2,0,154.0
301.00,2.17,18.2,0,154.0
302.00,2.17,18.2,0,154.0
303.00,2.17,18.2,0,154.0
304.00,2.17,18.2,0,154.0
305.00,1.86,15.6,0,154.0
306.00,2.17,18.2,0,154.0
307.00,2.17,18.2,0,154.0
308.00,1.86,15.6,0,154.0
309.00,2.17,18.2,0,154.0
310.00,2.17,18.2,0,154.0
311.00,1.86,15.6,0,154.0
312.00,2.17,18.2,0,154.0
313.00,1.86,15.6,0,154.0
314.00,2.17,18.2,0,154.0
315.00,2.17,18.2,0,154.0
316.00,1.86,15.6,0,154.0
317.00,2.17,18.2,0,154.0
318.00,2.17,18.2,0,154.0
319.00,1.86,15.6,0,154.0
320.00,2.17,18.2,0,154.0
321.00,1.86,15.6,0,154.0
322.00,2.17,18.2,0,154.0
323.00,1.86,15.6,0,154.0
324.00,2.17,18.2,0,154.0
325.00,2.17,18.2,0,154.0
326.00,1.86,15.6,0,154.0
327.00,2.17,18.2,0,154.0
328.00,1.86,15.6,0,154.0
329.00,1.86,15.6,0,154.0
330.00,2.17,18.2,0,154.0
331.00,2.17,18.2,0,154.0
332.00,1.86,15.6,0,154.0
333.00,2.17,18.2,0,154.0
334.00,1.86,15.6,0,154.0
335.00,1.86,15.6,0,154.0
336.00,2.17,18.2,0,154.0
337.00,1.86,15.6,0,154.0
338.00,2.17,18.3,0,154.0
339.00,1.86,15.6,0,154.0
340.00,2.17,18.2,0,154.0
341.00,2.17,18.2,0,154.0
342.00,1.86,15.6,0,154.0
343.00,1.86,15.6,0,154.0
344.00,2.17,18.2,0,154.0
345.00,2.17,18.2,0,154.0
346.00,1.86,15.6,0,154.0
347.00,1.86,15.6,0,154.0
348.00,2.17,18.2,0,154.0
349.00,2.17,18.2,0,154.0
350.00,1.86,15.6,0,154.0
351.00,1.86,15.6,0,154.0
352.00,2.17,18.2,0,154.0
353.00,1.86,15.6,0,154.0
354.00,1.86,15.6,0,154.0
355.00,2.17,18.2,0,154.0
356.00,2.17,18.2,0,154.0
357.00,1.86,15.6,0,154.0
358.00,1.86,15.6,0,154.0
359.00,1.86,15.6,0,154.0
360.00,1.86,15.6,0,154.0
361.00,2.17,18.2,0,154.0
362.00,1.86,15.6,0,154.0
363.00,2.17,18.2,0,154.0
364.00,1.86,15.6,0,154.0
365.00,1.86,15.6,0,154.0
366.00,2.17,18.2,0,154.0
367.00,1.86,15.6,0,154.0
368.00,2.17,18.2,0,154.0
369.00,2.17,18.2,0,154.0
370.00,1.86,15.6,0,154.0
371.00,2.17,18.2,0,154.0
372.00,1.86,15.6,0,154.0
373.00,2.17,18.2,0,154.0
374.00,2.17,18.2,0,154.0
375.00,2.17,18.2,0,154.0
376.00,1.86,15.6,0,154.0
377.00,2.17,18.2,0,154.0
378.00,1.86,15.6,0,154.0
379.00,2.17,18.2,0,154.0
380.00,1.86,15.6,0,154.0
381.00,2.17,18.2,0,154.0
382.00,2.17,18.2,0,154.0
383.00,2.17,18.2,0,154.0
384.00,1.86,15.6,0,154.0
385.00,1.86,15.6,0,154.0
386.00,2.17,18.2,0,154.0
387.00,1.86,15.6,0,154.0
388.00,1.86,15.6,0,154.0
389.00,2.17,18.2,0,154.0
390.00,2.17,18.2,0,154.0
391.00,1.86,15.6,0,154.0
392.00,2.17,18.2,0,154.0
393.00,1.86,15.6,0,154.0
394.00,2.17,18.2,0,154.0
395.00,1.86,15.6,0,154.0
396.00,2.17,18.2,0,154.0
397.00,1.86,15.6,0,154.0
398.00,2.17,18.2,0,154.0
399.00,1.86,15.6,0,154.0
400.00,1.86,15.6,0,154.0
401.00,2.17,18.2,0,154.0
402.00,1.86,15.6,0,154.0
403.00,1.86,15.6,0,154.0
404.00,2.17,18.2,0,154.0
405.00,1.86,15.6,0,154.0
406.00,2.17,18.2,0,154.0
407.00,1.86,15.6,0,154.0
408.00,2.17,18.2,0,154.0
409.00,1.86,15.6,0,154.0
410.00,2.17,18.2,0,154.0
411.00,1.86,15.6,0,154.0
412.00,2.17,18.2,0,154.0
413.00,1.86,15.6,0,154.0
414.00,2.17,18.2,0,154.0
415.00,1.86,15.6,0,154.0
416.00,2.17,18.2,0,154.0
417.00,2.17,18.2,0,154.0
418.00,1.86,15.6,0,154.0
419.00,1.86,15.6,0,154.0
420.00,2.17,18.2,0,154.0
421.00,1.86,15.6,0,154.0
422.00,1.86,15.6,0,154.0
423.00,2.17,18.2,0,154.0
424.00,1.86,15.6,0,154.0
425.00,2.17,18.2,0,154.0
426.00,1.86,15.6,0,154.0
427.00,2.17,18.2,0,154.0
428.00,1.86,15.6,0,154.0
429.00,1.86,15.6,0,154.0
430.00,1.86,15.6,0,154.0
431.00,2.17,18.2,0,154.0
432.00,1.86,15.6,0,154.0
433.00,2.17,18.2,0,154.0
434.00,2.17,18.2,0,154.0
435.00,1.86,15.6,0,154.0
436.00,1.86,15.6,0,154.0
437.00,2.17,18.2,0,154.0
438.00,2.17,18.2,0,154.0
439.00,2.17,18.2,0,154.0
440.00,1.86,15.6,0,154.0
441.00,1.86,15.6,0,154.0
442.00,2.17,18.2,0,154.0
443.00,2.17,18.2,0,154.0
444.00,1.86,15.6,0,154.0
445.00,2.17,18.2,0,154.0
446.00,1.86,15.6,0,154.0
447.00,2.17,18.2,0,154.0
448.00,2.17,18.2,0,154.0
449.00,1.86,15.6,0,154.0
450.00,2.17,18.2,0,154.0
451.00,1.86,15.6,0,154.0
452.00,2.17,18.2,0,154.0
453.00,1.86,15.6,0,154.0
454.00,2.17,18.2,0,154.0
455.00,2.17,18.2,0,154.0
456.00,1.86,15.6,0,154.0
457.00,2.17,18.2,0,154.0
458.00,1.86,15.6,0,154.0
459.00,2.17,18.2,0,154.0
460.00,1.86,15.6,0,154.0
461.00,2.17,18.2,0,154.0
462.00,2.17,18.2,0,154.0
463.00,1.86,15.6,0,154.0
464.00,1.86,15.6,0,154.0
465.00,2.17,18.2,0,154.0
466.00,1.86,15.6,0,154.0
467.00,2.17,18.2,0,154.0
468.00,1.86,15.6,0,154.0
469.00,1.86,15.6,0,154.0
470.00,2.17,18.2,0,154.0
471.00,1.86,15.6,0,154.0
472.00,2.17,18.2,0,154.0
473.00,1.86,15.6,0,154.0
474.00,1.86,15.6,0,154.0
475.00,2.17,18.2,0,154.0
476.00,1.86,15.6,0,154.0
477.00,2.17,18.2,0,154.0
478.00,1.86,15.6,0,154.0
479.00,2.17,18.2,0,154.0
480.00,1.86,15.6,0,154.0
481.00,2.17,18.2,0,154.0
482.00,2.17,18.2,0,154.0
483.00,1.86,15.6,0,154.0
484.00,2.17,18.2,0,154.0
485.00,1.86,15.6,0,154.0
486.00,2.17,18.2,0,154.0
487.00,1.86,15.6,0,154.0
488.00,2.17,18.2,0,154.0
489.00,1.86,15.6,0,154.0
490.00,2.17,18.2,0,154.0
491.00,1.86,15.6,0,154.0
492.00,2.17,18.2,0,154.0
493.00,1.86,15.6,0,154.0
494.00,2.17,18.2,0,154.0
495.00,2.17,18.2,0,154.0
496.00,1.86,15.6,0,154.0
497.00,1.86,15.6,0,154.0
498.00,2.17,18.2,0,154.0
499.00,2.17,18.2,0,154.0
500.00,1.86,15.6,0,154.0
501.00,2.17,18.2,0,154.0
502.00,2.17,18.2,0,154.0
503.00,1.86,15.6,0,154.0
504.00,2.17,18.2,0,154.0
505.00,1.86,15.6,0,154.0
506.00,2.17,18.2,0,154.0
507.00,2.17,18.2,0,154.0
508.00,1.86,15.6,0,154.0
509.00,2.17,18.2,0,154.0
510.00,2.17,18.2,0,154.0
511.00,1.86,15.6,0,154.0
512.00,1.86,15.6,0,154.0
513.00,2.17,18.2,0,154.0
514.00,2.17,18.2,0,154.0
515.00,1.86,15.6,0,154.0
516.00,2.17,18.2,0,154.0
517.00,2.17,18.2,0,154.0
518.00,1.86,15.6,0,154.0
519.00,1.86,15.6,0,154.0
520.00,1.86,15.6,0,154.0
521.00,2.17,18.2,0,154.0
522.00,1.86,15.6,0,154.0
523.00,2.17,18.2,0,154.0
524.00,1.86,15.6,0,154.0
525.00,1.86,15.6,0,154.0
526.00,2.17,18.2,0,154.0
527.00,2.17,18.2,0,154.0
528.00,1.86,15.6,0,154.0
529.00,2.17,18.2,0,154.0
530.00,1.86,15.6,0,154.0
531.00,1.86,15.6,0,154.0
532.00,2.17,18.2,0,154.0
533.00,1.86,15.6,0,154.0
534.00,2.17,18.2,0,154.0
535.00,1.86,15.6,0,154.0
536.00,2.17,18.2,0,154.0
537.00,2.17,18.2,0,154.0
538.00,1.86,15.6,0,154.0
539.00,2.17,18.2,0,154.0
540.00,2.17,18.2,0,154.0
541.00,1.86,15.6,0,154.0
542.00,2.17,18.2,0,154.0
543.00,2.17,18.2,0,154.0
544.00,2.17,18.2,0,154.0
545.00,1.86,15.6,0,154.0
546.00,2.17,18.2,0,154.0
547.00,1.86,15.6,0,154.0
548.00,2.17,18.2,0,154.0
549.00,1.86,15.6,0,154.0
550.00,2.17,18.2,0,154.0
551.00,1.86,15.6,0,154.0
552.00,2.17,18.2,0,154.0
553.00,1.86,15.6,0,154.0
554.00,1.86,15.6,0,154.0
555.00,2.17,18.2,0,154.0
556.00,1.86,15.6,0,154.0
557.00,1.86,15.6,0,154.0
558.00,2.17,18.2,0,154.0
559.00,2.17,18.2,0,154.0
560.00,1.86,15.6,0,154.0
561.00,1.86,15.6,0,154.0
562.00,2.17,18.2,0,154.0
563.00,1.86,15.6,0,154.0
564.00,2.17,18.2,0,154.0
565.00,1.86,15.6,0,154.0
566.00,2.17,18.2,0,154.0
567.00,1.86,15.6,0,154.0
568.00,2.17,18.2,0,154.0
569.00,1.86,15.6,0,154.0
570.00,1.86,15.6,0,154.0
571.00,2.17,18.2,0,154.0
572.00,1.86,15.6,0,154.0
573.00,2.17,18.2,0,154.0
574.00,1.86,15.6,0,154.0
575.00,1.86,15.6,0,154.0
576.00,2.17,18.2,0,154.0
577.00,2.17,18.2,0,154.0
578.00,1.86,15.6,0,154.0
579.00,1.86,15.6,0,154.0
580.00,2.17,18.2,0,154.0
581.00,1.86,15.6,0,154.0
582.00,1.86,15.6,0,154.0
583.00,2.17,18.2,0,154.0
584.00,1.86,15.6,0,154.0
585.00,1.86,15.6,0,154.0
586.00,1.86,15.6,0,154.0
587.00,2.17,18.2,0,154.0
588.00,1.86,15.6,0,154.0
589.00,2.17,18.2,0,154.0
590.00,1.86,15.6,0,154.0
591.00,2.17,18.2,0,154.0
592.00,1.86,15.6,0,154.0
593.00,2.17,18.2,0,154.0
594.00,2.17,18.2,0,154.0
595.00,1.86,15.6,0,154.0
596.00,2.17,18.2,0,154.0
597.00,1.86,15.6,0,154.0
598.00,2.17,18.2,0,154.0
599.00,1.86,15.6,0,154.0
600.00,2.17,18.2,0,154.0
601.00,2.17,18.2,0,154.0
602.00,2.17,18.2,0,154.0
603.00,1.86,15.6,0,154.0
604.00,2.17,18.2,0,154.0
605.00,2.17,18.2,0,154.0
606.00,2.17,18.2,0,154.0
607.00,1.86,15.6,0,154.0
608.00,2.17,18.2,0,154.0
609.00,1.86,15.6,0,154.0
610.00,2.17,18.2,0,154.0
611.00,2.17,18.2,0,154.0
612.00,1.86,15.6,0,154.0
613.00,2.17,18.2,0,154.0
614.00,1.86,15.6,0,154.0
615.00,2.17,18.2,0,154.0
616.00,2.17,18.2,0,154.0
617.00,1.86,15.6,0,154.0
618.00,2.17,18.2,0,154.0
619.00,2.17,18.2,0,154.0
620.00,1.86,15.6,0,154.0
621.00,2.17,18.2,0,154.0
622.00,1.86,15.6,0,154.0
623.00,2.17,18.2,0,154.0
624.00,1.86,15.6,0,154.0
625.00,2.17,18.2,0,154.0
626.00,1.86,15.6,0,154.0
627.00,2.17,18.2,0,154.0
628.00,2.17,18.2,0,154.0
629.00,2.17,18.2,0,154.0
630.00,1.86,15.6,0,154.0
631.00,2.17,18.2,0,154.0
632.00,1.86,15.6,0,154.0
633.00,2.17,18.2,0,154.0
634.00,2.17,18.3,0,154.0
635.00,1.86,15.6,0,154.0
636.00,2.17,18.2,0,154.0
637.00,2.17,18.2,0,154.0
638.00,2.17,18.2,0,154.0
639.00,2.17,18.2,0,154.0
640.00,1.86,15.6,0,154.0
641.00,2.17,18.2,0,154.0
642.00,1.86,15.6,0,154.0
643.00,2.17,18.2,0,154.0
644.00,1.86,15.6,0,154.0
645.00,2.17,18.2,0,154.0
646.00,2.17,18.2,0,154.0
647.00,2.17,18.2,0,154.0
648.00,1.86,15.6,0,154.0
649.00,2.17,18.2,0,154.0
650.00,2.17,18.2,0,154.0
651.00,1.86,15.6,0,154.0
652.00,2.17,18.2,0,154.0
653.00,1.86,15.6,0,154.0
654.00,2.17,18.2,0,154.0
655.00,2.17,18.2,0,154.0
656.00,1.86,15.6,0,154.0
657.00,2.17,18.2,0,154.0
658.00,1.86,15.6,0,154.0
659.00,2.17,18.2,0,154.0
660.00,2.17,18.2,0,154.0
661.00,1.86,15.6,0,154.0
662.00,2.17,18.2,0,154.0
663.00,2.17,18.2,0,154.0
664.00,2.17,18.2,0,154.0
665.00,1.86,15.6,0,154.0
666.00,2.17,18.2,0,154.0
667.00,1.86,15.6,0,154.0
668.00,2.17,18.2,0,154.0
669.00,2.17,18.2,0,154.0
670.00,2.17,18.2,0,154.0
671.00,1.86,15.6,0,154.0
672.00,2.17,18.2,0,154.0
673.00,2.17,18.2,0,154.0
674.00,1.86,15.6,0,154.0
675.00,2.17,18.2,0,154.0
676.00,2.17,18.2,0,154.0
677.00,1.86,15.6,0,154.0
678.00,2.17,18.2,0,154.0
679.00,2.17,18.2,0,154.0
680.00,2.17,18.2,0,154.0
681.00,1.86,15.6,0,154.0
682.00,2.17,18.2,0,154.0
683.00,1.86,15.6,0,154.0
684.00,2.17,18.2,0,154.0
685.00,2.17,18.2,0,154.0
686.00,1.86,15.6,0,154.0
687.00,2.17,18.2,0,154.0
688.00,1.86,15.6,0,154.0
689.00,2.17,18.2,0,154.0
690.00,1.86,15.6,0,154.0
691.00,2.17,18.2,0,154.0
692.00,2.17,18.2,0,154.0
693.00,1.86,15.6,0,154.0
694.00,2.17,18.2,0,154.0
695.00,2.17,18.2,0,154.0
696.00,1.86,15.6,0,154.0
697.00,2.17,18.2,0,154.0
698.00,1.86,15.6,0,154.0
699.00,2.17,18.2,0,154.0
700.00,1.86,15.6,0,154.0
701.00,2.17,18.2,0,154.0
702.00,1.86,15.6,0,154.0
703.00,1.86,15.6,0,154.0
704.00,2.17,18.2,0,154.0
705.00,1.86,15.6,0,154.0
706.00,2.17,18.2,0,154.0
707.00,1.86,15.6,0,154.0
708.00,1.86,15.6,0,154.0
709.00,2.17,18.2,0,154.0
710.00,1.86,15.6,0,154.0
711.00,1.86,15.6,0,154.0
712.00,2.17,18.2,0,154.0
713.00,1.86,15.6,0,154.0
714.00,2.17,18.2,0,154.0
715.00,1.86,15.6,0,154.0
716.00,2.17,18.2,0,154.0
717.00,1.86,15.6,0,154.0
718.00,2.17,18.2,0,154.0
719.00,1.86,15.6,0,154.0
720.00,1.86,15.6,0,154.0
721.00,1.86,15.6,0,154.0
722.00,2.17,18.2,0,154.0
723.00,1.86,15.6,0,154.0
724.00,2.17,18.2,0,154.0
725.00,1.86,15.6,0,154.0
726.00,1.86,15.6,0,154.0
727.00,1.86,15.6,0,154.0
728.00,2.17,18.2,0,154.0
729.00,1.86,15.6,0,154.0
730.00,2.17,18.2,0,154.0
731.00,2.17,18.2,0,154.0
732.00,1.86,15.6,0,154.0
733.00,2.17,18.2,0,154.0
734.00,1.86,15.6,0,154.0
735.00,2.17,18.2,0,154.0
736.00,1.86,15.6,0,154.0
737.00,2.17,18.2,0,154.0
738.00,1.86,15.6,0,154.0
739.00,2.17,18.2,0,154.0
740.00,2.17,18.2,0,154.0
741.00,2.17,18.2,0,154.0
742.00,1.86,15.6,0,154.0
743.00,2.17,18.2,0,154.0
744.00,1.86,15.6,0,154.0
745.00,2.17,18.2,0,154.0
746.00,2.17,18.2,0,154.0
747.00,1.86,15.6,0,154.0
748.00,2.17,18.2,0,154.0
749.00,1.86,15.6,0,154.0
750.00,2.17,18.2,0,154.0
751.00,2.17,18.2,0,154.0
752.00,1.86,15.6,0,154.0
753.00,2.17,18.2,0,154.0
754.00,1.86,15.6,0,154.0
755.00,2.17,18.2,0,154.0
756.00,1.86,15.6,0,154.0
757.00,2.17,18.2,0,154.0
758.00,1.86,15.6,0,154.0
759.00,2.17,18.2,0,154.0
760.00,2.17,18.2,0,154.0
761.00,1.86,15.6,0,154.0
762.00,1.86,15.6,0,154.0
763.00,2.17,18.2,0,154.0
764.00,2.17,18.2,0,154.0
765.00,2.17,18.2,0,154.0
766.00,1.86,15.6,0,154.0
767.00,1.86,15.6,0,154.0
768.00,2.17,18.2,0,154.0
769.00,2.17,18.2,0,154.0
770.00,1.86,15.6,0,154.0
771.00,2.17,18.2,0,154.0
772.00,1.86,15.6,0,154.0
773.00,2.17,18.2,0,154.0
774.00,1.86,15.6,0,154.0
775.00,2.17,18.2,0,154.0
776.00,2.17,18.2,0,154.0
777.00,1.86,15.6,0,154.0
778.00,2.17,18.2,0,154.0
779.00,1.86,15.6,0,154.0
780.00,2.17,18.2,0,154.0
781.00,1.86,15.6,0,154.0
782.00,2.17,18.2,0,154.0
783.00,1.86,15.6,0,154.0
784.00,2.17,18.2,0,154.0
785.00,1.86,15.6,0,154.0
786.00,2.17,18.2,0,154.0
787.00,1.86,15.6,0,154.0
788.00,2.17,18.2,0,154.0
789.00,1.86,15.6,0,154.0
790.00,2.17,18.2,0,154.0
791.00,1.86,15.6,0,154.0
792.00,2.17,18.2,0,154.0
793.00,2.17,18.2,0,154.0
794.00,2.17,18.2,0,154.0
795.00,1.86,15.6,0,154.0
796.00,2.17,18.2,0,154.0
797.00,2.17,18.2,0,154.0
798.00,1.86,15.6,0,154.0
799.00,2.17,18.2,0,154.0
800.00,2.17,18.2,0,154.0
801.00,1.86,15.6,0,154.0
802.00,2.17,18.2,0,154.0
803.00,2.17,18.2,0,154.0
804.00,1.86,15.6,0,154.0
805.00,2.17,18.2,0,154.0
806.00,2.17,18.2,0,154.0
807.00,1.86,15.6,0,154.0
808.00,2.17,18.2,0,154.0
809.00,1.86,15.6,0,154.0
810.00,1.86,15.6,0,154.0
811.00,1.86,15.6,0,154.0
812.00,2.17,18.2,0,154.0
813.00,1.86,15.6,0,154.0
814.00,2.17,18.2,0,154.0
815.00,2.17,18.2,0,154.0
816.00,1.86,15.6,0,154.0
817.00,2.17,18.2,0,154.0
818.00,2.17,18.2,0,154.0
819.00,1.86,15.6,0,154.0
820.00,2.17,18.2,0,154.0
821.00,1.86,15.6,0,154.0
822.00,2.17,18.2,0,154.0
823.00,1.86,15.6,0,154.0
824.00,2.17,18.2,0,154.0
825.00,2.17,18.2,0,154.0
826.00,1.86,15.6,0,154.0
827.00,2.17,18.2,0,154.0
828.00,1.86,15.6,0,154.0
829.00,2.17,18.2,0,154.0
830.00,2.17,18.2,0,154.0
831.00,1.86,15.6,0,154.0
832.00,2.17,18.2,0,154.0
833.00,2.17,18.2,0,154.0
834.00,1.86,15.6,0,154.0
835.00,1.86,15.6,0,154.0
836.00,2.17,18.2,0,154.0
837.00,2.17,18.2,0,154.0
838.00,1.86,15.6,0,154.0
839.00,2.17,18.2,0,154.0
840.00,2.17,18.2,0,154.0
841.00,1.86,15.6,0,154.0
842.00,2.17,18.2,0,154.0
843.00,1.86,15.6,0,154.0
844.00,2.17,18.2,0,154.0
845.00,2.17,18.2,0,154.0
846.00,1.86,15.6,0,154.0
847.00,2.17,18.2,0,154.0
848.00,2.17,18.2,0,154.0
849.00,1.86,15.6,0,154.0
850.00,2.49,20.9,0,154.0
851.00,1.86,15.6,0,154.0
852.00,1.86,15.6,0,154.0
853.00,2.17,18.2,0,154.0
854.00,2.17,18.2,0,154.0
855.00,2.17,18.2,0,154.0
856.00,1.86,15.6,0,154.0
857.00,2.17,18.2,0,154.0
858.00,2.17,18.2,0,154.0
859.00,1.86,15.6,0,154.0
860.00,2.17,18.2,0,154.0
861.00,2.17,18.2,0,154.0
862.00,1.86,15.6,0,154.0
863.00,2.17,18.2,0,154.0
864.00,2.17,18.2,0,154.0
865.00,1.86,15.6,0,154.0
866.00,2.17,18.2,0,154.0
867.00,2.17,18.2,0,154.0
868.00,1.86,15.6,0,154.0
869.00,2.17,18.2,0,154.0
870.00,2.17,18.2,0,154.0
871.00,1.86,15.6,0,154.0
872.00,1.86,15.6,0,154.0
873.00,2.17,18.2,0,154.0
874.00,1.86,15.6,0,154.0
875.00,1.86,15.6,0,154.0
876.00,1.86,15.6,0,154.0
877.00,2.17,18.2,0,154.0
878.00,1.86,15.6,0,154.0
879.00,2.17,18.2,0,154.0
880.00,1.86,15.6,0,154.0
881.00,2.17,18.2,0,154.0
882.00,2.17,18.2,0,154.0
883.00,1.86,15.6,0,154.0
884.00,2.17,18.2,0,154.0
885.00,2.17,18.2,0,154.0
886.00,2.17,18.2,0,154.0
887.00,1.86,15.6,0,154.0
888.00,2.17,18.2,0,154.0
889.00,1.86,15.6,0,154.0
890.00,2.17,18.2,0,154.0
891.00,1.86,15.6,0,154.0
892.00,2.17,18.2,0,154.0
893.00,1.86,15.6,0,154.0
894.00,2.17,18.2,0,154.0
895.00,1.86,15.6,0,154.0
896.00,2.17,18.2,0,154.0
897.00,2.17,18.2,0,154.0
898.00,1.86,15.6,0,154.0
899.00,2.17,18.2,0,154.0
900.00,2.17,18.2,0,154.0
901.00,1.86,15.6,0,154.0
902.00,2.17,18.2,0,154.0
903.00,1.86,15.6,0,154.0
904.00,2.17,18.2,0,154.0
905.00,1.86,15.6,0,154.0
906.00,2.17,18.2,0,154.0
907.00,1.86,15.6,0,154.0
908.00,2.17,18.2,0,154.0
909.00,1.86,15.6,0,154.0
910.00,2.17,18.2,0,154.0
911.00,2.17,18.2,0,154.0
912.00,1.86,15.6,0,154.0
913.00,2.17,18.2,0,154.0
914.00,1.86,15.6,0,154.0
915.00,2.17,18.2,0,154.0
916.00,1.86,15.6,0,154.0
917.00,2.17,18.2,0,154.0
918.00,1.86,15.6,0,154.0
919.00,1.86,15.6,0,154.0
920.00,1.86,15.6,0,154.0
921.00,2.17,18.2,0,154.0
922.00,1.86,15.6,0,154.0
923.00,2.17,18.2,0,154.0
924.00,1.86,15.6,0,154.0
925.00,2.17,18.2,0,154.0
926.00,1.86,15.6,0,154.0
927.00,2.17,18.2,0,154.0
928.00,2.17,18.2,0,154.0
929.00,2.17,18.2,0,154.0
930.00,2.17,18.2,0,154.0
931.00,1.86,15.6,0,154.0
932.00,1.86,15.6,0,154.0
933.00,2.17,18.2,0,154.0
934.00,2.17,18.2,0,154.0
935.00,1.86,15.6,0,154.0
936.00,2.17,18.2,0,154.0
937.00,1.86,15.6,0,154.0
938.00,2.17,18.2,0,154.0
939.00,1.86,15.6,0,154.0
940.00,1.86,15.6,0,154.0
941.00,2.17,18.2,0,154.0
942.00,1.86,15.6,0,154.0
943.00,2.17,18.2,0,154.0
944.00,2.17,18.2,0,154.0
945.00,2.17,18.2,0,154.0
946.00,1.86,15.6,0,154.0
947.00,2.17,18.2,0,154.0
948.00,1.86,15.6,0,154.0
949.00,2.17,18.2,0,154.0
950.00,2.17,18.2,0,154.0
951.00,2.17,18.2,0,154.0
952.00,1.86,15.6,0,154.0
953.00,1.86,15.6,0,154.0
954.00,2.17,18.2,0,154.0
955.00,2.17,18.2,0,154.0
956.00,2.17,18.2,0,154.0
957.00,1.86,15.6,0,154.0
958.00,2.17,18.2,0,154.0
959.00,1.86,15.6,0,154.0
960.00,2.17,18.2,0,154.0
961.00,2.17,18.2,0,154.0
962.00,1.86,15.6,0,154.0
963.00,2.17,18.2,0,154.0
964.00,2.17,18.2,0,154.0
965.00,2.17,18.2,0,154.0
966.00,1.86,15.6,0,154.0
967.00,2.17,18.2,0,154.0
968.00,1.86,15.6,0,154.0
969.00,2.17,18.2,0,154.0
970.00,2.17,18.2,0,154.0
971.00,1.86,15.6,0,154.0
972.00,2.17,18.2,0,154.0
973.00,2.17,18.2,0,154.0
974.00,1.86,15.6,0,154.0
975.00,2.17,18.2,0,154.0
976.00,2.17,18.2,0,154.0
977.00,2.17,18.2,0,154.0
978.00,2.17,18.2,0,154.0
979.00,2.17,18.2,0,154.0
980.00,1.86,15.6,0,154.0
981.00,2.17,18.2,0,154.0
982.00,1.86,15.6,0,154.0
983.00,2.17,18.2,0,154.0
984.00,2.17,18.2,0,154.0
985.00,1.86,15.6,0,154.0
986.00,2.17,18.2,0,154.0
987.00,2.17,18.2,0,154.0
988.00,2.17,18.2,0,154.0
989.00,1.86,15.6,0,154.0
990.00,2.17,18.2,0,154.0
991.00,1.86,15.6,0,154.0
992.00,2.17,18.2,0,154.0
993.00,2.17,18.2,0,154.0
994.00,1.86,15.6,0,154.0
995.00,2.17,18.2,0,154.0
996.00,1.86,15.6,0,154.0
997.00,2.17,18.2,0,154.0
998.00,2.17,18.2,0,154.0
999.00,1.86,15.6,0,154.0
1000.00,2.17,18.2,0,154.0
1001.00,2.17,18.2,0,154.0
1002.00,2.17,18.2,0,154.0
1003.00,1.86,15.6,0,154.0
1004.00,2.17,18.2,0,154.0
1005.00,2.17,18.2,0,154.0
1006.00,2.17,18.2,0,154.0
1007.00,1.86,15.6,0,154.0
1008.00,2.17,18.2,0,154.0
1009.00,2.17,18.2,0,154.0
1010.00,2.17,18.2,0,154.0
1011.00,2.17,18.2,0,154.0
1012.00,1.86,15.6,0,154.0
1013.00,2.17,18.2,0,154.0
1014.00,2.17,18.2,0,154.0
1015.00,2.17,18.2,0,154.0
1016.00,2.17,18.2,0,154.0
1017.00,1.86,15.6,0,154.0
1018.00,2.17,18.2,0,154.0
1019.00,1.86,15.6,0,154.0
1020.00,2.17,18.2,0,154.0
1021.00,2.17,18.2,0,154.0
1022.00,1.86,15.6,0,154.0
1023.00,2.17,18.2,0,154.0
1024.00,1.86,15.6,0,154.0
1025.00,2.17,18.2,0,154.0
1026.00,1.86,15.6,0,154.0
1027.00,2.17,18.2,0,154.0
1028.00,2.17,18.2,0,154.0
1029.00,1.86,15.6,0,154.0
1030.00,2.17,18.2,0,154.0
1031.00,1.86,15.6,0,154.0
1032.00,2.17,18.2,0,154.0
1033.00,2.17,18.2,0,154.0
1034.00,2.17,18.2,0,154.0
1035.00,1.86,15.6,0,154.0
1036.00,2.17,18.2,0,154.0
1037.00,2.17,18.2,0,154.0
1038.00,1.86,15.6,0,154.0
1039.00,2.17,18.2,0,154.0
1040.00,2.17,18.2,0,154.0
1041.00,1.86,15.6,0,154.0
1042.00,2.17,18.3,0,154.0
1043.00,2.17,18.2,0,154.0
1044.00,2.17,18.2,0,154.0
1045.00,1.86,15.6,0,154.0
1046.00,2.17,18.2,0,154.0
1047.00,1.86,15.6,0,154.0
1048.00,2.17,18.2,0,154.0
1049.00,1.86,15.6,0,154.0
1050.00,2.17,18.2,0,154.0
1051.00,2.17,18.2,0,154.0
1052.00,2.17,18.2,0,154.0
1053.00,1.86,15.6,0,154.0
1054.00,2.17,18.2,0,154.0
1055.00,2.17,18.2,0,154.0
1056.00,1.86,15.6,0,154.0
1057.00,2.17,18.2,0,154.0
1058.00,2.17,18.2,0,154.0
1059.00,1.86,15.6,0,154.0
1060.00,2.17,18.2,0,154.0
1061.00,2.17,18.2,0,154.0
1062.00,1.86,15.6,0,154.0
1063.00,2.17,18.2,0,154.0
1064.00,2.17,18.2,0,154.0
1065.00,1.86,15.6,0,154.0
1066.00,2.17,18.2,0,154.0
1067.00,2.17,18.2,0,154.0
1068.00,1.86,15.6,0,154.0
1069.00,1.86,15.6,0,154.0
1070.00,2.17,18.2,0,154.0
1071.00,1.86,15.6,0,154.0
1072.00,2.17,18.2,0,154.0
1073.00,1.86,15.6,0,154.0
1074.00,2.17,18.2,0,154.0
1075.00,2.17,18.2,0,154.0
1076.00,1.86,15.6,0,154.0
1077.00,2.17,18.2,0,154.0
1078.00,1.86,15.6,0,154.0
1079.00,2.17,18.2,0,154.0
1080.00,1.86,15.6,0,154.0
1081.00,2.17,18.2,0,154.0
1082.00,2.17,18.2,0,154.0
1083.00,2.17,18.2,0,154.0
1084.00,1.86,15.6,0,154.0
1085.00,2.17,18.2,0,154.0
1086.00,1.86,15.6,0,154.0
1087.00,2.17,18.2,0,154.0
1088.00,1.86,15.6,0,154.0
1089.00,2.17,18.2,0,154.0
1090.00,2.17,18.2,0,154.0
1091.00,1.86,15.6,0,154.0
1092.00,2.17,18.2,0,154.0
1093.00,1.86,15.6,0,154.0
1094.00,2.17,18.2,0,154.0
1095.00,1.86,15.6,0,154.0
1096.00,2.17,18.2,0,154.0
1097.00,1.86,15.6,0,154.0
1098.00,2.17,18.2,0,154.0
1099.00,1.86,15.6,0,154.0
1100.00,1.86,15.6,0,154.0
1101.00,2.17,18.2,0,154.0
1102.00,2.17,18.2,0,154.0
1103.00,2.17,18.2,0,154.0
1104.00,1.86,15.6,0,154.0
1105.00,2.17,18.2,0,154.0
1106.00,1.86,15.6,0,154.0
1107.00,2.17,18.2,0,154.0
1108.00,1.86,15.6,0,154.0
1109.00,2.17,18.2,0,154.0
1110.00,2.17,18.2,0,154.0
1111.00,1.86,15.6,0,154.0
1112.00,2.17,18.2,0,154.0
1113.00,1.86,15.6,0,154.0
1114.00,2.17,18.2,0,154.0
1115.00,1.86,15.6,0,154.0
1116.00,2.17,18.2,0,154.0
1117.00,1.86,15.6,0,154.0
1118.00,1.86,15.6,0,154.0
1119.00,2.17,18.2,0,154.0
1120.00,1.86,15.6,0,154.0
1121.00,2.17,18.2,0,154.0
1122.00,1.86,15.6,0,154.0
1123.00,2.17,18.2,0,154.0
1124.00,2.17,18.2,0,154.0
1125.00,1.86,15.6,0,154.0
1126.00,2.17,18.2,0,154.0
1127.00,1.86,15.6,0,154.0
1128.00,2.17,18.2,0,154.0
1129.00,1.86,15.6,0,154.0
1130.00,2.17,18.2,0,154.0
1131.00,1.86,15.6,0,154.0
1132.00,2.17,18.2,0,154.0
1133.00,2.17,18.2,0,154.0
1134.00,1.86,15.6,0,154.0
1135.00,2.17,18.2,0,154.0
1136.00,1.86,15.6,0,154.0
1137.00,1.86,15.6,0,154.0
1138.00,2.17,18.2,0,154.0
1139.00,1.86,15.6,0,154.0
1140.00,1.86,15.6,0,154.0
1141.00,2.17,18.2,0,154.0
1142.00,1.86,15.6,0,154.0
1143.00,2.17,18.2,0,154.0
1144.00,2.17,18.2,0,154.0
1145.00,1.86,15.6,0,154.0
1146.00,1.86,15.6,0,154.0
1147.00,2.17,18.2,0,154.0
1148.00,2.17,18.2,0,154.0
1149.00,1.86,15.6,0,154.0
1150.00,2.17,18.2,0,154.0
1151.00,1.86,15.6,0,154.0
1152.00,2.17,18.2,0,154.0
1153.00,2.17,18.2,0,154.0
1154.00,2.17,18.2,0,154.0
1155.00,1.86,15.6,0,154.0
1156.00,2.17,18.2,0,154.0
1157.00,2.17,18.2,0,154.0
1158.00,2.17,18.2,0,154.0
1159.00,1.86,15.6,0,154.0
1160.00,2.17,18.2,0,154.0
1161.00,1.86,15.6,0,154.0
1162.00,2.17,18.2,0,154.0
1163.00,1.86,15.6,0,154.0
1164.00,2.17,18.2,0,154.0
1165.00,2.17,18.2,0,154.0
1166.00,1.86,15.6,0,154.0
1167.00,2.17,18.2,0,154.0
1168.00,2.17,18.2,0,154.0
1169.00,2.17,18.2,0,154.0
1170.00,1.86,15.6,0,154.0
1171.00,2.17,18.2,0,154.0
1172.00,2.17,18.2,0,154.0
1173.00,1.86,15.6,0,154.0
1174.00,2.17,18.2,0,154.0
1175.00,2.17,18.2,0,154.0
1176.00,1.86,15.6,0,154.0
1177.00,2.17,18.2,0,154.0
1178.00,1.86,15.6,0,154.0
1179.00,2.17,18.2,0,154.0
1180.00,1.86,15.6,0,154.0
1181.00,2.17,18.2,0,154.0
1182.00,1.86,15.6,0,154.0
1183.00,2.17,18.2,0,154.0
1184.00,2.17,18.2,0,154.0
1185.00,1.86,15.6,0,154.0
1186.00,1.86,15.6,0,154.0
1187.00,2.17,18.2,0,154.0
1188.00,2.17,18.2,0,154.0
1189.00,1.86,15.6,0,154.0
1190.00,2.17,18.2,0,154.0
1191.00,2.17,18.2,0,154.0
1192.00,2.17,18.2,0,154.0
1193.00,1.86,15.6,0,154.0
1194.00,2.17,18.2,0,154.0
1195.00,1.86,15.6,0,154.0
1196.00,2.17,18.2,0,154.0
1197.00,1.86,15.6,0,154.0
1198.00,2.17,18.2,0,154.0
1199.00,2.17,18.2,0,154.0
1200.00,2.17,18.2,0,154.0
1201.00,1.86,15.6,0,154.0
1202.00,1.86,15.6,0,154.0
1203.00,2.17,18.2,0,154.0
1204.00,1.86,15.6,0,154.0
1205.00,2.17,18.2,0,154.0
1206.00,2.17,18.2,0,154.0
1207.00,2.17,18.2,0,154.0
1208.00,1.86,15.6,0,154.0
1209.00,2.17,18.2,0,154.0
1210.00,2.17,18.2,0,154.0
1211.00,1.86,15.6,0,154.0
1212.00,2.17,18.2,0,154.0
1213.00,2.17,18.2,0,154.0
1214.00,1.86,15.6,0,154.0
1215.00,2.17,18.2,0,154.0
1216.00,2.17,18.2,0,154.0
1217.00,1.86,15.6,0,154.0
1218.00,2.3,19.3,0,222.0
1219.00,2.17,18.2,0,222.0
1220.00,1.74,14.6,0,222.0
1221.00,2.17,18.2,0,222.0
1222.00,2.17,18.2,0,222.0
1223.00,2.17,18.2,0,222.0
1224.00,1.74,14.6,0,222.0
1225.00,2.17,18.2,0,222.0
1226.00,1.74,14.6,0,222.0
1227.00,2.17,18.2,0,222.0
1228.00,2.17,18.2,0,222.0
1229.00,1.74,14.6,0,222.0
1230.00,2.17,18.2,0,222.0
1231.00,2.17,18.2,0,222.0
1232.00,1.74,14.6,0,222.0
1233.00,2.17,18.2,0,222.0
1234.00,2.17,18.2,0,222.0
1235.00,2.17,18.2,0,222.0
1236.00,2.17,18.2,0,222.0
1237.00,1.74,14.6,0,222.0
1238.00,1.74,14.6,0,222.0
1239.00,1.74,14.6,0,222.0
1240.00,891.0,7.3,0,222.0
1241.00,1.3,10.9,0,222.0
1242.00,1.3,10.9,0,222.0
1243.00,1.3,10.9,0,222.0
1244.00,891.0,7.3,0,222.0
1245.00,1.74,14.6,0,222.0
1246.00,1.74,14.6,0,222.0
1247.00,2.17,18.2,0,222.0
1248.00,2.17,18.2,0,222.0
1249.00,1.74,14.6,0,222.0
1250.00,2.17,18.2,0,222.0
1251.00,2.17,18.2,0,222.0
1252.00,1.74,14.6,0,222.0
1253.00,2.17,18.2,0,222.0
1254.00,2.17,18.2,0,222.0
1255.00,1.74,14.6,0,222.0
1256.00,2.17,18.2,0,222.0
1257.00,2.17,18.2,0,222.0
1258.00,1.74,14.6,0,222.0
1259.00,2.17,18.2,0,222.0
1260.00,2.17,18.2,0,222.0
1261.00,1.74,14.6,0,222.0
1262.00,2.17,18.2,0,222.0
1263.00,2.17,18.2,0,222.0
1264.00,1.74,14.6,0,222.0
1265.00,2.17,18.2,0,222.0
1266.00,2.17,18.2,0,222.0
1267.00,1.74,14.6,0,222.0
1268.00,2.17,18.2,0,222.0
1269.00,2.17,18.2,0,222.0
1270.00,1.74,14.6,0,222.0
1271.00,2.17,18.2,0,222.0
1272.00,1.3,10.9,0,222.0
1273.00,1.74,14.6,0,222.0
1274.00,2.61,21.9,0,222.0
1275.00,1.74,14.6,0,222.0
1276.00,2.17,18.2,0,222.0
1277.00,2.17,18.2,0,222.0
1278.00,2.17,18.2,0,222.0
1279.00,2.17,18.2,0,222.0
1280.00,2.17,18.2,0,222.0
1281.00,1.74,14.6,0,222.0
1282.00,2.17,18.3,0,222.0
1283.00,2.17,18.2,0,222.0
1284.00,1.74,14.6,0,222.0
1285.00,2.17,18.2,0,222.0
1286.00,1.74,14.6,0,222.0
1287.00,2.17,18.2,0,222.0
1288.00,2.17,18.2,0,222.0
1289.00,2.17,18.2,0,222.0
1290.00,2.17,18.2,0,222.0
1291.00,1.74,14.6,0,222.0
1292.00,2.17,18.2,0,222.0
1293.00,2.17,18.2,0,222.0
1294.00,1.74,14.6,0,222.0
1295.00,2.17,18.2,0,222.0
1296.00,2.17,18.2,0,222.0
1297.00,1.74,14.6,0,222.0
1298.00,2.17,18.2,0,222.0
1299.00,2.17,18.2,0,222.0
1300.00,2.17,18.2,0,222.0
1301.00,2.17,18.2,0,222.0
1302.00,1.74,14.6,0,222.0
1303.00,2.17,18.2,0,222.0
1304.00,2.17,18.2,0,222.0
1305.00,1.74,14.6,0,222.0
1306.00,2.17,18.2,0,222.0
1307.00,2.17,18.2,0,222.0
1308.00,1.74,14.6,0,222.0
1309.00,2.17,18.2,0,222.0
1310.00,2.17,18.2,0,222.0
1311.00,1.74,14.6,0,222.0
1312.00,2.17,18.2,0,222.0
1313.00,2.17,18.2,0,222.0
1314.00,1.74,14.6,0,222.0
1315.00,2.17,18.2,0,222.0
1316.00,1.74,14.6,0,222.0
1317.00,2.17,18.2,0,222.0
1318.00,2.17,18.2,0,222.0
1319.00,2.17,18.2,0,222.0
1320.00,2.17,18.2,0,222.0
1321.00,2.17,18.2,0,222.0
1322.00,1.74,14.6,0,222.0
1323.00,2.17,18.2,0,222.0
1324.00,2.17,18.2,0,222.0
1325.00,2.17,18.2,0,222.0
1326.00,1.74,14.6,0,222.0
1327.00,2.17,18.2,0,222.0
1328.00,1.74,14.6,0,222.0
1329.00,2.17,18.2,0,222.0
1330.00,2.17,18.2,0,222.0
1331.00,1.74,14.6,0,222.0
1332.00,2.17,18.2,0,222.0
1333.00,2.17,18.2,0,222.0
1334.00,1.74,14.6,0,222.0
1335.00,2.17,18.2,0,222.0
1336.00,1.74,14.6,0,222.0
1337.00,2.17,18.2,0,222.0
1338.00,2.17,18.2,0,222.0
1339.00,2.17,18.2,0,222.0
1340.00,2.17,18.2,0,222.0
1341.00,2.17,18.2,0,222.0
1342.00,1.74,14.6,0,222.0
1343.00,2.17,18.2,0,222.0
1344.00,2.17,18.2,0,222.0
1345.00,2.17,18.2,0,222.0
1346.00,1.74,14.6,0,222.0
1347.00,2.17,18.2,0,222.0
1348.00,2.17,18.2,0,222.0
1349.00,2.17,18.2,0,222.0
1350.00,2.17,18.2,0,222.0
1351.00,1.74,14.6,0,222.0
1352.00,2.17,18.2,0,222.0
1353.00,2.17,18.2,0,222.0
1354.00,2.17,18.2,0,222.0
1355.00,2.17,18.2,0,222.0
1356.00,2.17,18.2,0,222.0
1357.00,2.17,18.2,0,222.0
1358.00,2.17,18.2,0,222.0
1359.00,1.74,14.6,0,222.0
1360.00,2.17,18.2,0,222.0
1361.00,2.17,18.2,0,222.0
1362.00,2.17,18.2,0,222.0
1363.00,2.17,18.2,0,222.0
1364.00,2.17,18.2,0,222.0
1365.00,2.17,18.2,0,222.0
1366.00,1.74,14.6,0,222.0
1367.00,2.17,18.2,0,222.0
1368.00,2.17,18.2,0,222.0
1369.00,2.17,18.2,0,222.0
1370.00,2.17,18.2,0,222.0
1371.00,1.74,14.6,0,222.0
1372.00,2.17,18.2,0,222.0
1373.00,1.74,14.6,0,222.0
1374.00,2.17,18.2,0,222.0
1375.00,2.17,18.2,0,222.0
1376.00,2.17,18.2,0,222.0
1377.00,1.74,14.6,0,222.0
1378.00,2.17,18.2,0,222.0
1379.00,2.17,18.2,0,222.0
1380.00,2.17,18.2,0,222.0
1381.00,1.74,14.6,0,222.0
1382.00,2.17,18.2,0,222.0
1383.00,1.74,14.6,0,222.0
1384.00,2.17,18.2,0,222.0
1385.00,2.17,18.2,0,222.0
1386.00,2.17,18.2,0,222.0
1387.00,1.74,14.6,0,222.0
1388.00,2.17,18.2,0,222.0
1389.00,2.17,18.2,0,222.0
1390.00,2.17,18.2,0,222.0
1391.00,2.17,18.2,0,222.0
1392.00,1.74,14.6,0,222.0
1393.00,2.17,18.2,0,222.0
1394.00,2.17,18.2,0,222.0
1395.00,2.17,18.2,0,222.0
1396.00,2.17,18.2,0,222.0
1397.00,2.17,18.2,0,222.0
1398.00,1.74,14.6,0,222.0
1399.00,2.17,18.2,0,222.0
1400.00,2.17,18.2,0,222.0
1401.00,2.17,18.2,0,222.0
1402.00,2.17,18.2,0,222.0
1403.00,1.74,14.6,0,222.0
1404.00,2.17,18.2,0,222.0
1405.00,2.17,18.2,0,222.0
1406.00,2.17,18.2,0,222.0
1407.00,1.74,14.6,0,222.0
1408.00,2.17,18.2,0,222.0
1409.00,2.17,18.2,0,222.0
1410.00,2.17,18.2,0,222.0
1411.00,2.17,18.2,0,222.0
1412.00,2.17,18.2,0,222.0
1413.00,1.74,14.6,0,222.0
1414.00,2.17,18.2,0,222.0
1415.00,1.74,14.6,0,222.0
1416.00,2.17,18.2,0,222.0
1417.00,2.17,18.2,0,222.0
1418.00,2.17,18.2,0,222.0
1419.00,2.17,18.2,0,222.0
1420.00,1.74,14.6,0,222.0
1421.00,2.17,18.2,0,222.0
1422.00,2.17,18.2,0,222.0
1423.00,2.17,18.2,0,222.0
1424.00,2.17,18.2,0,222.0
1425.00,1.74,14.6,0,222.0
1426.00,2.17,18.2,0,222.0
1427.00,2.17,18.2,0,222.0
1428.00,2.17,18.2,0,222.0
1429.00,2.17,18.2,0,222.0
1430.00,1.74,14.6,0,222.0
1431.00,1.74,14.6,0,222.0
1432.00,2.17,18.2,0,222.0
1433.00,1.74,14.6,0,222.0
1434.00,2.17,18.2,0,222.0
1435.00,1.74,14.6,0,222.0
1436.00,2.17,18.2,0,222.0
1437.00,2.17,18.2,0,222.0
1438.00,2.17,18.2,0,222.0
1439.00,1.74,14.6,0,222.0
1440.00,2.17,18.2,0,222.0
1441.00,2.17,18.2,0,222.0
1442.00,2.17,18.2,0,222.0
1443.00,2.17,18.2,0,222.0
1444.00,1.74,14.6,0,222.0
1445.00,2.17,18.2,0,222.0
1446.00,1.74,14.6,0,222.0
1447.00,1.74,14.6,0,222.0
1448.00,1.74,14.6,0,222.0
1449.00,2.17,18.2,0,222.0
1450.00,2.17,18.2,0,222.0
1451.00,2.17,18.2,0,222.0
1452.00,1.74,14.6,0,222.0
1453.00,2.17,18.2,0,222.0
1454.00,2.17,18.2,0,222.0
1455.00,2.17,18.2,0,222.0
1456.00,2.17,18.2,0,222.0
1457.00,1.74,14.6,0,222.0
1458.00,2.17,18.2,0,222.0
1459.00,2.17,18.2,0,222.0
1460.00,2.17,18.2,0,222.0
1461.00,2.17,18.2,0,222.0
1462.00,2.17,18.2,0,222.0
1463.00,2.17,18.2,0,222.0
1464.00,2.17,18.2,0,222.0
1465.00,2.17,18.2,0,222.0
1466.00,2.17,18.2,0,222.0
1467.00,2.17,18.2,0,222.0
1468.00,1.74,14.6,0,222.0
1469.00,2.17,18.2,0,222.0
1470.00,2.17,18.2,0,222.0
1471.00,2.17,18.2,0,222.0
1472.00,2.17,18.2,0,222.0
1473.00,2.17,18.2,0,222.0
1474.00,1.74,14.6,0,222.0
1475.00,2.17,18.2,0,222.0
1476.00,2.17,18.2,0,222.0
1477.00,1.74,14.6,0,222.0
1478.00,2.17,18.2,0,222.0
1479.00,2.17,18.2,0,222.0
1480.00,2.17,18.2,0,222.0
1481.00,1.74,14.6,0,222.0
1482.00,2.17,18.2,0,222.0
1483.00,2.17,18.2,0,222.0
1484.00,2.17,18.2,0,222.0
1485.00,1.74,14.6,0,222.0
1486.00,2.17,18.2,0,222.0
1487.00,2.17,18.2,0,222.0
1488.00,1.74,14.6,0,222.0
1489.00,2.17,18.2,0,222.0
1490.00,2.17,18.2,0,222.0
1491.00,2.17,18.2,0,222.0
1492.00,1.74,14.6,0,222.0
1493.00,2.17,18.2,0,222.0
1494.00,2.17,18.2,0,222.0
1495.00,2.17,18.2,0,222.0
1496.00,1.74,14.6,0,222.0
1497.00,2.17,18.2,0,222.0
1498.00,2.17,18.2,0,222.0
1499.00,2.17,18.2,0,222.0
1500.00,2.17,18.2,0,222.0
1501.00,2.17,18.2,0,222.0
1502.00,1.74,14.6,0,222.0
1503.00,2.17,18.2,0,222.0
1504.00,2.17,18.2,0,222.0
1505.00,2.17,18.2,0,222.0
1506.00,2.17,18.2,0,222.0
1507.00,2.17,18.2,0,222.0
1508.00,2.17,18.2,0,222.0
1509.00,1.74,14.6,0,222.0
1510.00,2.17,18.2,0,222.0
1511.00,2.17,18.2,0,222.0
1512.00,2.17,18.2,0,222.0
1513.00,2.17,18.2,0,222.0
1514.00,2.17,18.2,0,222.0
1515.00,1.74,14.6,0,222.0
1516.00,2.17,18.2,0,222.0
1517.00,2.17,18.2,0,222.0
1518.00,2.17,18.2,0,222.0
1519.00,2.17,18.2,0,222.0
1520.00,1.74,14.6,0,222.0
1521.00,2.17,18.3,0,222.0
1522.00,2.17,18.2,0,222.0
1523.00,2.17,18.2,0,222.0
1524.00,2.17,18.2,0,222.0
1525.00,1.74,14.6,0,222.0
1526.00,2.17,18.2,0,222.0
1527.00,2.17,18.2,0,222.0
1528.00,2.17,18.2,0,222.0
1529.00,2.17,18.2,0,222.0
1530.00,2.17,18.2,0,222.0
1531.00,2.17,18.2,0,222.0
1532.00,1.74,14.6,0,222.0
1533.00,2.17,18.2,0,222.0
1534.00,2.17,18.2,0,222.0
1535.00,2.17,18.2,0,222.0
1536.00,2.17,18.2,0,222.0
1537.00,2.17,18.2,0,222.0
1538.00,2.17,18.2,0,222.0
1539.00,2.17,18.2,0,222.0
1540.00,1.74,14.6,0,222.0
1541.00,2.17,18.2,0,222.0
1542.00,2.17,18.2,0,222.0
1543.00,2.17,18.2,0,222.0
1544.00,2.17,18.2,0,222.0
1545.00,2.17,18.2,0,222.0
1546.00,2.17,18.2,0,222.0
1547.00,1.74,14.6,0,222.0
1548.00,2.17,18.2,0,222.0
1549.00,2.17,18.2,0,222.0
1550.00,2.17,18.2,0,222.0
1551.00,2.17,18.2,0,222.0
1552.00,1.74,14.6,0,222.0
1553.00,2.17,18.2,0,222.0
1554.00,2.17,18.2,0,222.0
1555.00,2.17,18.2,0,222.0
1556.00,2.17,18.2,0,222.0
1557.00,2.17,18.2,0,222.0
1558.00,2.17,18.2,0,222.0
1559.00,2.17,18.2,0,222.0
1560.00,2.17,18.2,0,222.0
1561.00,1.74,14.6,0,222.0
1562.00,2.17,18.2,0,222.0
1563.00,2.17,18.2,0,222.0
1564.00,2.17,18.2,0,222.0
1565.00,2.17,18.2,0,222.0
1566.00,2.17,18.2,0,222.0
1567.00,2.17,18.2,0,222.0
1568.00,2.17,18.2,0,222.0
1569.00,2.17,18.2,0,222.0
1570.00,2.17,18.2,0,222.0
1571.00,2.17,18.2,0,222.0
1572.00,1.74,14.6,0,222.0
1573.00,2.17,18.2,0,222.0
1574.00,2.17,18.2,0,222.0
1575.00,2.17,18.2,0,222.0
1576.00,2.17,18.2,0,222.0
1577.00,2.17,18.2,0,222.0
1578.00,2.17,18.2,0,222.0
1579.00,2.17,18.2,0,222.0
1580.00,2.61,21.9,0,222.0
1581.00,2.17,18.2,0,222.0
1582.00,2.17,18.2,0,222.0
1583.00,2.17,18.2,0,222.0
1584.00,1.74,14.6,0,222.0
1585.00,2.17,18.2,0,222.0
1586.00,2.17,18.2,0,222.0
1587.00,1.74,14.6,0,222.0
1588.00,2.17,18.2,0,222.0
1589.00,2.17,18.2,0,222.0
1590.00,2.17,18.2,0,222.0
1591.00,1.74,14.6,0,222.0
1592.00,2.17,18.2,0,222.0
1593.00,2.17,18.2,0,222.0
1594.00,2.17,18.2,0,222.0
1595.00,2.17,18.2,0,222.0
1596.00,2.17,18.2,0,222.0
1597.00,1.74,14.6,0,222.0
1598.00,2.17,18.2,0,222.0
1599.00,2.17,18.2,0,222.0
1600.00,2.17,18.2,0,222.0
1601.00,2.17,18.2,0,222.0
1602.00,2.17,18.2,0,222.0
1603.00,2.17,18.2,0,222.0
1604.00,2.17,18.2,0,222.0
1605.00,2.17,18.2,0,222.0
1606.00,1.74,14.6,0,222.0
1607.00,2.61,21.9,0,222.0
1608.00,2.17,18.2,0,222.0
1609.00,1.74,14.6,0,222.0
1610.00,2.17,18.2,0,222.0
1611.00,2.17,18.2,0,222.0
1612.00,2.17,18.2,0,222.0
1613.00,2.17,18.2,0,222.0
1614.00,2.17,18.2,0,222.0
1615.00,2.17,18.2,0,222.0
1616.00,2.17,18.2,0,222.0
1617.00,2.17,18.2,0,222.0
1618.00,2.17,18.2,0,222.0
1619.00,2.17,18.2,0,222.0
1620.00,2.17,18.2,0,222.0
1621.00,2.17,18.2,0,222.0
1622.00,2.17,18.2,0,222.0
1623.00,2.17,18.2,0,222.0
1624.00,2.17,18.2,0,222.0
1625.00,2.17,18.2,0,222.0
1626.00,2.17,18.2,0,222.0
1627.00,2.17,18.2,0,222.0
1628.00,2.17,18.2,0,222.0
1629.00,2.17,18.2,0,222.0
1630.00,2.17,18.2,0,222.0
1631.00,2.17,18.2,0,222.0
1632.00,2.17,18.2,0,222.0
1633.00,2.17,18.2,0,222.0
1634.00,2.17,18.2,0,222.0
1635.00,2.17,18.2,0,222.0
1636.00,2.17,18.2,0,222.0
1637.00,2.17,18.2,0,222.0
1638.00,1.74,14.6,0,222.0
1639.00,2.17,18.2,0,222.0
1640.00,2.17,18.2,0,222.0
1641.00,2.17,18.2,0,222.0
1642.00,2.17,18.2,0,222.0
1643.00,2.17,18.2,0,222.0
1644.00,2.17,18.2,0,222.0
1645.00,2.17,18.2,0,222.0
1646.00,1.74,14.6,0,222.0
1647.00,2.17,18.2,0,222.0
1648.00,2.17,18.2,0,222.0
1649.00,2.17,18.2,0,222.0
1650.00,2.17,18.2,0,222.0
1651.00,1.74,14.6,0,222.0
1652.00,2.17,18.2,0,222.0
1653.00,2.17,18.2,0,222.0
1654.00,2.17,18.2,0,222.0
1655.00,2.17,18.2,0,222.0
1656.00,2.17,18.2,0,222.0
1657.00,2.17,18.2,0,222.0
1658.00,2.17,18.2,0,222.0
1659.00,1.74,14.6,0,222.0
1660.00,2.17,18.2,0,222.0
1661.00,2.17,18.2,0,222.0
1662.00,2.17,18.2,0,222.0
1663.00,2.17,18.2,0,222.0
1664.00,2.17,18.2,0,222.0
1665.00,2.17,18.2,0,222.0
1666.00,2.17,18.2,0,222.0
1667.00,2.17,18.2,0,222.0
1668.00,2.17,18.2,0,222.0
1669.00,2.17,18.2,0,222.0
1670.00,2.17,18.2,0,170.0
1671.00,1.74,14.6,0,170.0
1672.00,2.17,18.2,0,170.0
1673.00,2.17,18.2,0,170.0
1674.00,1.74,14.6,0,170.0
1675.00,2.17,18.2,0,170.0
1676.00,2.17,18.2,0,170.0
1677.00,2.17,18.2,0,170.0
1678.00,2.17,18.2,0,170.0
1679.00,2.17,18.2,0,170.0
1680.00,2.17,18.2,0,170.0
1681.00,2.17,18.2,0,170.0
1682.00,2.17,18.2,0,170.0
1683.00,2.17,18.2,0,170.0
1684.00,1.74,14.6,0,170.0
1685.00,2.17,18.2,0,170.0
1686.00,2.17,18.2,0,170.0
1687.00,2.17,18.2,0,170.0
1688.00,2.17,18.2,0,170.0
1689.00,2.17,18.2,0,170.0
1690.00,2.17,18.2,0,170.0
1691.00,2.17,18.2,0,170.0
1692.00,2.17,18.2,0,170.0
1693.00,2.17,18.2,0,170.0
1694.00,2.17,18.2,0,170.0
1695.00,2.17,18.2,0,170.0
1696.00,2.17,18.2,0,170.0
1697.00,2.17,18.2,0,170.0
1698.00,2.17,18.2,0,170.0
1699.00,2.17,18.2,0,170.0
1700.00,2.17,18.2,0,170.0
1701.00,1.74,14.6,0,170.0
1702.00,2.17,18.2,0,170.0
1703.00,2.17,18.2,0,170.0
1704.00,1.74,14.6,0,170.0
1705.00,2.61,21.9,0,170.0
1706.00,1.74,14.6,0,170.0
1707.00,2.17,18.2,0,170.0
1708.00,2.17,18.2,0,170.0
1709.00,2.17,18.2,0,170.0
1710.00,2.17,18.2,0,170.0
1711.00,2.17,18.2,0,170.0
1712.00,2.17,18.2,0,170.0
1713.00,2.17,18.2,0,170.0
1714.00,2.17,18.2,0,170.0
1715.00,2.17,18.2,0,170.0
1716.00,2.17,18.2,0,170.0
1717.00,1.74,14.6,0,170.0
1718.00,2.17,18.2,0,170.0
1719.00,2.17,18.2,0,170.0
1720.00,2.17,18.2,0,170.0
1721.00,2.17,18.2,0,170.0
1722.00,2.17,18.2,0,170.0
1723.00,2.17,18.2,0,170.0
1724.00,2.17,18.2,0,170.0
1725.00,2.17,18.2,0,170.0
1726.00,2.17,18.2,0,170.0
1727.00,2.17,18.2,0,170.0
1728.00,1.74,14.6,0,170.0
1729.00,2.17,18.2,0,170.0
1730.00,2.17,18.2,0,170.0
1731.00,2.17,18.2,0,170.0
1732.00,2.17,18.2,0,170.0
1733.00,1.74,14.6,0,170.0
1734.00,2.17,18.2,0,170.0
1735.00,2.61,21.9,0,170.0
1736.00,1.74,14.6,0,170.0
1737.00,2.17,18.2,0,170.0
1738.00,2.17,18.2,0,170.0
1739.00,2.17,18.2,0,170.0
1740.00,2.17,18.2,0,170.0
1741.00,2.17,18.2,0,170.0
1742.00,2.17,18.2,0,170.0
1743.00,2.17,18.2,0,170.0
1744.00,2.17,18.2,0,170.0
1745.00,2.17,18.2,0,170.0
1746.00,2.17,18.2,0,170.0
1747.00,2.17,18.2,0,170.0
1748.00,2.17,18.2,0,170.0
1749.00,1.74,14.6,0,170.0
1750.00,2.17,18.2,0,170.0
1751.00,2.24,18.8,0,170.0
1752.00,2.17,18.2,0,170.0
1753.00,1.74,14.6,0,170.0
1754.00,2.17,18.2,0,170.0
1755.00,2.17,18.2,0,170.0
1756.00,2.17,18.2,0,170.0
1757.00,2.17,18.2,0,170.0
1758.00,2.17,18.2,0,170.0
1759.00,2.17,18.2,0,170.0
1760.00,1.74,14.6,0,170.0
1761.00,2.17,18.2,0,170.0
1762.00,2.17,18.2,0,170.0
1763.00,2.17,18.2,0,170.0
1764.00,2.24,18.8,0,170.0
1765.00,2.17,18.2,0,170.0
1766.00,2.17,18.2,0,170.0
1767.00,2.17,18.2,0,170.0
1768.00,2.17,18.2,0,170.0
1769.00,1.74,14.6,0,170.0
1770.00,2.17,18.2,0,170.0
1771.00,2.17,18.2,0,170.0
1772.00,2.17,18.2,0,170.0
1773.00,1.74,14.6,0,170.0
1774.00,2.17,18.2,0,170.0
1775.00,2.17,18.2,0,170.0
1776.00,2.17,18.2,0,170.0
1777.00,2.17,18.2,0,170.0
1778.00,1.74,14.6,0,170.0
1779.00,2.17,18.2,0,170.0
1780.00,2.17,18.2,0,170.0
1781.00,2.17,18.2,0,170.0
1782.00,2.17,18.2,0,170.0
1783.00,2.17,18.2,0,170.0
1784.00,2.17,18.2,0,170.0
1785.00,2.17,18.2,0,170.0
1786.00,2.17,18.2,0,170.0
1787.00,2.17,18.2,0,170.0
1788.00,2.17,18.2,0,170.0
1789.00,2.17,18.2,0,170.0
1790.00,1.74,14.6,0,170.0
1791.00,2.17,18.2,0,170.0
1792.00,2.17,18.2,0,170.0
1793.00,2.17,18.2,0,170.0
1794.00,2.17,18.2,0,170.0
1795.00,2.17,18.2,0,170.0
1796.00,1.74,14.6,0,170.0
1797.00,2.17,18.2,0,170.0
1798.00,2.17,18.2,0,170.0
1799.00,2.17,18.2,0,170.0
